{
  "save_mode": "dynamic",
  "save_path": "",
  "compression_level": 4,
  "rotation_angle": 90,
  "language": "ar",
  "theme": "blue",
  "accent_color": "#056a51",
  "auto_backup": true,
  "backup_path": "",
  "max_file_size": 500,
  "recent_files": [],
  "window_geometry": {
    "width": 1200,
    "height": 700,
    "x": 100,
    "y": 50
  },
  "split_settings": {
    "prefix": "page",
    "pages_per_file": 1,
    "create_subfolders": true
  },
  "merge_settings": {
    "add_bookmarks": true,
    "preserve_metadata": true,
    "optimize_size": true
  },
  "ui_settings": {
    "font_size": 12,
    "title_font_size": 18,
    "menu_font_size": 12,
    "font_family": "النظام الافتراضي",
    "font_weight": "عادي",
    "text_direction": "تلقائي",
    "show_tooltips": true,
    "enable_animations": true,
    "transparency": 85,
    "size": "متوسط (افتراضي)",
    "contrast": "عادي (متوازن)"
  },
  "security_settings": {
    "enable_password_protection": false,
    "privacy_mode": false,
    "audit_log": true,
    "secure_delete": true,
    "encryption_level": "AES-256",
    "password_timeout": 60
  },
  "performance_settings": {
    "max_memory_usage": 1024,
    "enable_multithreading": true,
    "thread_count": 6,
    "cache_size": 200,
    "auto_cleanup": true,
    "cleanup_interval": 12,
    "enable_gpu_acceleration": true,
    "preview_quality": "high"
  },
  "keyboard_shortcuts": {
    "merge_files": "Ctrl+M",
    "split_file": "Ctrl+Shift+S",
    "compress_file": "Ctrl+Shift+C",
    "rotate_file": "Ctrl+R",
    "convert_file": "Ctrl+T",
    "open_settings": "Ctrl+,",
    "save_file": "Ctrl+S",
    "open_file": "Ctrl+O",
    "quit_app": "Ctrl+Q",
    "new_project": "Ctrl+N"
  }
}