{
  "ar": {
    "merge_page_title": "دمج وطباعة",
    "add_folder": "إضافة مجلد",
    "add_file": "إضافة ملف",
    "select_printer": "اختر الطابعة:",
    "merge_files": "دمج الملفات",
    "print_files": "طباعة الملفات",
    "select_pdf_files_title": "اختر ملفات PDF",
    "select_folder_title": "اختر مجلدًا يحتوي على ملفات PDF",
    "confirm_merge_title": "تأكيد الدمج",
    "confirm_merge_message": "هل أنت متأكد أنك تريد دمج {count} ملفات؟",
    "error_title": "خطأ",
    "select_one_file_message": "الرجاء تحديد ملف واحد على الأقل للطباعة.",
    "select_at_least_two_files_for_merge": "الرجاء اختيار ملفين على الأقل للدمج.",
    "select_printer_message": "الرجاء اختيار طابعة.",
    "confirm_print_title": "تأكيد الطباعة",
    "confirm_print_message": "هل أنت متأكد أنك تريد طباعة {count} ملف/ملفات إلى الطابعة '{printer}'؟",
    "language": "اللغة:",
    "language_changed_title": "تغيير اللغة",
    "language_changed_message": "تم تغيير اللغة. احفظ الإعدادات لتطبيق التغيير",
    "app_description": "أداة شاملة لإدارة ومعالجة ملفات PDF",
    "key_features": "الميزات الرئيسية",
    "feature_merge_title": "دمج الملفات",
    "feature_merge_desc": "دمج عدة ملفات PDF في ملف واحد",
    "feature_split_title": "تقسيم الملفات",
    "feature_split_desc": "تقسيم ملف PDF إلى ملفات منفصلة",
    "feature_compress_title": "ضغط الملفات",
    "feature_compress_desc": "تقليل حجم ملفات PDF",
    "feature_rotate_title": "تدوير الصفحات",
    "feature_rotate_desc": "تدوير صفحات PDF بزوايا مختلفة",
    "feature_convert_title": "تحويل الملفات",
    "feature_convert_desc": "تحويل PDF إلى صور أو نصوص والعكس",
    "feature_settings_title": "إعدادات متقدمة",
    "feature_settings_desc": "تخصيص التطبيق حسب احتياجاتك",
    "quick_start": "البدء السريع",
    "quick_start_compress": "ضغط ملف",
    "quick_start_split": "تقسيم ملف",
    "quick_start_merge": "دمج ملفات",
    "compress_page_title": "ضغط ملفات PDF",
    "select_pdf_to_compress": "اختر ملف PDF لتقليل الحجم",
    "batch_compress_mode": "ضغط مجموعة ملفات",
    "save_folder": "مجلد الحفظ",
    "save_path_frame_title": "مجلد الحفظ",
    "execute_frame_title": "تنفيذ",
    "path_not_selected": "لم يتم تحديد مسار الحفظ",
    "change_folder": "تغيير المجلد",
    "execute": "تنفيذ",
    "execute_conversion": "تنفيذ التحويل",
    "confirm_navigation": "تأكيد الانتقال",
    "navigation_confirmation": "أنت على وشك مغادرة صفحة {current_page} إلى صفحة {target_page}. هل ترغب في الاستمرار؟",
    "navigation_with_work_warning": "أنت على وشك مغادرة صفحة {current_page} إلى صفحة {target_page}.\n\n⚠️ تحذير: توجد ملفات محملة في الصفحة الحالية قد تفقد إذا لم تقم بحفظها أو معالجتها.\n\nهل ترغب في الاستمرار؟",
    "execute_compression": "تنفيذ الضغط",
    "compression_ratio": "نسبة الضغط:",
    "compression_info": "معلومات الضغط",
    "very_light_compression": "ضغط خفيف جداً",
    "expected_size": "الحجم المتوقع",
    "original_unknown": "الأصلي: غير معروف",
    "expected_unknown": "المتوقع: غير معروف",
    "saving_unknown": "توفير: غير معروف",
    "file_quality": "جودة الملف",
    "quality_excellent": "ممتاز ✅",
    "quality_high_compression": "مناسب للضغط العالي",
    "quality_very_good": "جيد جداً",
    "quality_good_balance": "توازن جيد بين الجودة والحجم",
    "quality_good": "جيد",
    "quality_recommended": "موصى به للاستخدام العام",
    "quality_acceptable": "مقبول",
    "quality_smaller_size": "حجم أصغر على حساب الجودة",
    "quality_low": "منخفض",
    "quality_smallest_size": "أصغر حجم ممكن",
    "original_size": "الحجم الأصلي",
    "savings": "التوفير",
    "new_folder_will_be_created": "سيتم إنشاء مجلد جديد",
    "compression_options": "خيارات الضغط",
    "light_compression": "ضغط خفيف",
    "medium_compression": "ضغط متوسط",
    "high_compression": "ضغط عالي",
    "max_compression": "ضغط أقصى",
    "compression_level": "مستوى الضغط:",
    "select_pdfs_for_batch_compression": "اختر ملفات PDF للضغط المجمع",
    "select_pdf_to_compress_single": "اختر ملف PDF للضغط",
    "select_save_folder": "اختر مجلد الحفظ",
    "select_batch_save_folder": "اختر مجلد الحفظ للمجموعة",
    "path_prefix": "المسار:",
    "convert_files_title": "تحويل الملفات",
    "pdf_to_images": "PDF إلى صور",
    "images_to_pdf": "صور إلى PDF",
    "pdf_to_text": "PDF إلى نص",
    "text_to_pdf": "نص إلى PDF",
    "add_files_convert": "إضافة ملفات",
    "add_pdf_files": "إضافة ملفات PDF",
    "add_images": "إضافة صور",
    "add_text_files": "إضافة ملفات نصية",
    "cancel_operation": "إلغاء العملية",
    "start_processing": "بدء المعالجة",
    "pdf_files_filter": "ملفات PDF (*.pdf)",
    "image_files_filter": "ملفات الصور (*.png *.jpg *.jpeg *.bmp)",
    "text_files_filter": "ملفات نصية (*.txt)",
    "all_files_filter": "كل الملفات (*)",
    "previous_page": "الصفحة السابقة",
    "next_page": "الصفحة التالية",
    "rotate_left": "تدوير عكس عقارب الساعة",
    "rotate_right": "تدوير مع عقارب الساعة",
    "add_stamp": "إضافة ختم",
    "zoom_in_stamp": "تكبير الختم المحدد",
    "zoom_out_stamp": "تصغير الختم المحدد",
    "select_pdf_file": "اختيار ملف PDF",
    "reset_rotation": "إعادة تعيين التدوير",
    "save_rotated_file": "حفظ الملف المُدوَّر",
    "pdf_open_error": "فشل في فتح ملف PDF",
    "pdf_load_success": "تم تحميل {count} صفحة بدقة عالية مع انتقالات سلسة!",
    "pdf_load_error": "فشل في تحميل ملف PDF: {error}",
    "loading_page": "جاري تحميل الصفحة {page_num}...",
    "rotated_label": " - مُدوَّر {angle}°",
    "page_label": "الصفحة {current} من {total}{rotation}",
    "select_pdf_file_title": "اختر ملف PDF",
    "pdf_files_filter_rotate": "PDF Files (*.pdf)",
    "no_file_to_save": "لا يوجد ملف محمل للحفظ!",
    "save_file_title": "حفظ الملف",
    "save_file": "حفظ الملف",
    "no_changes_to_save": "لا توجد تغييرات للحفظ!",
    "save_success_summary": "تم حفظ الملف بنجاح!\n{path}\n\nتم تدوير {rotated_count} صفحة\nتم إضافة {stamp_count} ختم على {page_count} صفحة",
    "save_failed": "فشل في حفظ الملف!",
    "save_error": "حدث خطأ أثناء الحفظ: {error}",
    "stamp_manager_error": "خطأ في فتح نافذة الأختام: {error}",
    "load_pdf_first": "يجب تحميل ملف PDF أولاً!",
    "stamp_placement_guide": "حرك الماوس لمعاينة الختم واضغط لوضعه في المكان المطلوب",
    "security_page_title": "حماية وخصائص PDF",
    "no_file_selected": "لم يتم اختيار أي ملف",
    "password_management": "إدارة كلمة المرور",
    "user_password": "كلمة مرور المستخدم",
    "password_placeholder": "أدخل كلمة المرور الجديدة أو الحالية",
    "owner_password": "كلمة مرور المالك",
    "owner_password_placeholder": "كلمة مرور المالك (عند التشفير)",
    "permissions_label": "الأذونات (عند التشفير):",
    "allow_printing": "السماح بالطباعة",
    "allow_copying": "السماح بالنسخ",
    "metadata_section": "خصائص الملف (Metadata)",
    "title_label": "العنوان",
    "author_field_label": "المؤلف",
    "subject_label": "الموضوع",
    "keywords_label": "الكلمات المفتاحية",
    "encrypt_file": "تشفير الملف",
    "decrypt_file": "فك تشفير الملف",
    "update_properties_only": "تحديث الخصائص فقط",
    "select_action": "اختر الإجراء:",
    "selected_file_label": "الملف المحدد: {path}",
    "hide_password": "إخفاء كلمة المرور",
    "show_password": "إظهار كلمة المرور",
    "hide_owner_password": "إخفاء كلمة مرور المالك",
    "show_owner_password": "إظهار كلمة مرور المالك",
    "split_page_title": "تقسيم ملفات PDF",
    "select_pdf_to_split": "اختر ملف PDF للتقسيم",
    "auto_folder_creation": "سيتم إنشاء مجلد تلقائياً في سطح المكتب",
    "split_file": "تقسيم الملف",
    "select_pdf_to_split_title": "اختر ملف PDF للتقسيم",
    "select_save_folder_title": "ApexFlow - اختيار مجلد الحفظ",
    "compress_files": "ضغط الملفات",
    "compressed_suffix": "_مضغوط",
    "converted_suffix": "_محول",
    "images_folder_suffix": "_صور",
    "converting_files_notification": "جاري تحويل الملفات...",
    "conversion_completed_notification": "تم التحويل بنجاح!",
    "no_files_for_conversion": "لا توجد ملفات للتحويل",
    "no_conversion_operation_selected": "لم يتم تحديد عملية التحويل",
    "conversion_error_occurred": "حدث خطأ في التحويل",
    "save_path_prefix": "مسار الحفظ:",
    "change_save_path_tooltip": "تغيير مسار الحفظ",
    "settings_welcome_message": "مرحباً بك في إعدادات ApexFlow! يمكنك تخصيص المظهر والخطوط والمزيد",
    "theme_changed_notification": "تم تغيير السمة. يمكنك رؤية المعاينة أدناه",
    "accent_color_changed_notification": "تم تغيير لون التمييز. يمكنك رؤية المعاينة أدناه",
    "font_changed_notification": "تم تغيير إعدادات الخط. يمكنك رؤية المعاينة أدناه",
    "unsaved_changes_warning": "لديك تغييرات غير محفوظة! احفظ التغييرات أو ألغها قبل الإغلاق",
    "settings_saved_before_close": "تم حفظ الإعدادات بنجاح قبل الإغلاق",
    "changes_discarded": "تم تجاهل التغييرات",
    "settings_closed": "تم إغلاق الإعدادات. شكراً لاستخدام ApexFlow!",
    "saving_settings_notification": "جاري حفظ الإعدادات...",
    "all_settings_saved_successfully": "تم حفظ جميع الإعدادات بنجاح! ستظهر التغييرات فوراً",
    "no_changes_to_cancel": "لا توجد تغييرات لإلغائها",
    "all_changes_canceled_message": "تم إلغاء جميع التغييرات وإعادة الإعدادات الأصلية",
    "settings_modified_notification": "تم تعديل الإعدادات. لا تنس حفظ التغييرات",
    "low_transparency_warning": "شفافية منخفضة - قد يصبح النص صعب القراءة",
    "high_transparency_info": "شفافية عالية - مظهر شفاف جميل",
    "error_reading_settings": "خطأ في قراءة الإعدادات",
    "error_loading_settings": "خطأ في تحميل الإعدادات",
    "file_selected_successfully": "تم تحديد الملف",
    "error_selecting_file": "خطأ في تحديد الملف",
    "pdf_properties_loaded_successfully": "تم تحميل خصائص PDF بنجاح",
    "no_properties_found_in_pdf": "لا توجد خصائص في ملف PDF",
    "no_file_selected_for_properties_update": "لم يتم تحديد ملف لتحديث الخصائص",
    "updating_pdf_properties": "جاري تحديث خصائص PDF...",
    "pdf_properties_updated_successfully": "تم تحديث خصائص PDF بنجاح",
    "pdf_properties_update_failed": "فشل في تحديث خصائص PDF",
    "pdf_properties_update_error": "خطأ في تحديث خصائص PDF",
    "encrypted_suffix": "_مشفر",
    "file_selected_for_compression": "تم تحديد الملف للضغط",
    "error_selecting_files": "خطأ في تحديد الملفات",
    "compression_completed_successfully": "تم الضغط بنجاح",
    "compression_failed": "فشل في الضغط",
    "compression_feature_not_available": "ميزة الضغط غير متوفرة",
    "compression_error": "خطأ في عملية الضغط",
    "file_selected_for_splitting": "تم تحديد الملف للتقسيم",
    "splitting_started": "بدء تقسيم الملف",
    "splitting_completed_successfully": "تم تقسيم الملف بنجاح",
    "splitting_failed": "فشل في التقسيم",
    "splitting_error": "خطأ في عملية التقسيم",
    "merging_started": "بدء دمج الملفات",
    "merging_completed_successfully": "تم دمج الملفات بنجاح",
    "merging_failed": "فشل في الدمج",
    "merging_error": "خطأ في عملية الدمج",
    "printing_started": "بدء طباعة الملفات",
    "printing_completed_successfully": "تم طباعة الملفات بنجاح",
    "printing_failed": "فشل في الطباعة",
    "printing_error": "خطأ في عملية الطباعة",
    "split_completed_successfully": "تم تقسيم الملف بنجاح",
    "pages_saved_in": "حُفظت الصفحات في",
    "split_failed": "فشل في تقسيم الملف",
    "split_error": "خطأ في عملية التقسيم",
    "file_compressed_successfully": "تم ضغط الملف بنجاح",
    "compress_failed": "فشل في ضغط الملف",
    "compress_error": "خطأ في عملية الضغط",
    "stamps_load_error": "خطأ في تحميل الأختام",
    "stamp_added_successfully": "تم إضافة الختم بنجاح",
    "stamp_add_error": "فشل في إضافة الختم",
    "stamp_deleted_successfully": "تم حذف الختم بنجاح",
    "stamp_delete_error": "فشل في حذف الختم",
    "additional_options_group": "خيارات إضافية",
    "disable_welcome_message_option": "إلغاء رسالة الترحيب في الإعدادات",
    "remember_settings_on_exit_option": "تذكر الإعدادات عند الخروج",
    "reset_to_defaults_next_time_option": "العودة للإعدادات الافتراضية في المرة القادمة",
    "reset_defaults_info_message": "سيتم إعادة تعيين جميع الإعدادات إلى قيمها الافتراضية عند بدء التطبيق التالي",
    "show_exit_warning_option": "إظهار رسالة التحذير عند وجود تغييرات غير محفوظة",
    "remember_exit_choice_option": "تذكر اختياري في رسالة التحذير",
    "dont_ask_again_and_discard_option": "عدم السؤال مرة أخرى وتجاهل التغييرات عند الانتقال بين الصفحات",
    "remember_my_choice": "تذكر اختياري ولا تسألني مرة أخرى",
    "unsaved_changes_prompt": "لديك تغييرات غير محفوظة في الإعدادات. هل تريد حفظها قبل الانتقال إلى صفحة أخرى؟",
    "save_and_close": "حفظ وإغلاق",
    "discard_changes": "تجاهل",
    "go_back": "رجوع",
    "cancel_button": "إلغاء",
    "dont_ask_again_and_discard": "عدم السؤال مرة أخرى وتجاهل التغييرات",
    "dont_ask_again_info": "تم تفعيل خيار عدم السؤال مرة أخرى وتجاهل التغييرات. يمكنك العودة إلى هذا الخيار في قسم الإعدادات من صفحة الحفظ.",
    "transparency_feature_coming_soon": "ميزة الشفافية ستكون متوفرة قريباً",
    "properties_updated_suffix": "_محدث_الخصائص",
    "split_pages_suffix": "_صفحات_مقسمة",
    "settings_window_title": "الإعدادات",
    "step_save": "حفظ",
    "step_fonts": "الخطوط",
    "step_general_settings": "إعدادات عامة",
    "step_appearance": "المظهر",
    "warning": "تحذير",
    "next_step": "الخطوة التالية",
    "previous_step": "الخطوة السابقة",
    "general_settings_title": "الإعدادات العامة",
    "general_settings_description": "إعدادات بدء التشغيل والرسائل والتحذيرات",
    "startup_settings_group": "إعدادات بدء التشغيل",
    "messages_and_warnings_settings_group": "إعدادات الرسائل والتحذيرات",
    "notifications_settings_group": "إعدادات الإشعارات",
    "appearance_settings_title": "إعدادات المظهر والسمات",
    "theme_and_colors_group": "السمة والألوان",
    "theme_label": "السمة:",
    "accent_color_label": "لون التمييز:",
    "choose_color_button": "اختر اللون",
    "text_colors_group": "ألوان النصوص",
    "default_color": "افتراضي",
    "white_color": "أبيض",
    "black_color": "أسود",
    "dark_gray_color": "رمادي داكن",
    "dark_blue_color": "أزرق داكن",
    "dark_green_color": "أخضر داكن",
    "light_gray_color": "رمادي فاتح",
    "medium_gray_color": "رمادي متوسط",
    "title_color_label": "لون العناوين:",
    "body_color_label": "لون النص العادي:",
    "secondary_color_label": "لون النص الثانوي:",
    "transparency_level_label": "مستوى الشفافية:",
    "transparency_label": "الشفافية:",
    "size_small": "صغير (مدمج)",
    "size_medium": "متوسط (افتراضي)",
    "size_large": "كبير (مريح)",
    "size_xlarge": "كبير جداً (إمكانية وصول)",
    "element_size_label": "حجم العناصر:",
    "contrast_low": "منخفض (ناعم)",
    "contrast_normal": "عادي (متوازن)",
    "contrast_high": "عالي (واضح)",
    "contrast_xhigh": "عالي جداً (إمكانية وصول)",
    "contrast_label": "التباين:",
    "fonts_and_text_settings_title": "إعدادات الخطوط والنصوص",
    "primary_font_group": "الخط الأساسي",
    "font_size_label": "حجم الخط:",
    "system_default_font": "النظام الافتراضي",
    "font_family_label": "نوع الخط:",
    "font_weight_normal": "عادي",
    "font_weight_bold": "سميك",
    "font_weight_extrabold": "سميك جداً",
    "font_weight_label": "وزن الخط:",
    "title_font_size_label": "حجم خط العناوين:",
    "menu_font_size_label": "حجم خط القوائم:",
    "text_settings_group": "إعدادات النصوص",
    "show_tooltips_check": "إظهار التلميحات",
    "enable_animations_check": "تمكين الحركات والتأثيرات",
    "text_direction_auto": "تلقائي",
    "text_direction_rtl": "من اليمين لليسار",
    "text_direction_ltr": "من اليسار لليمين",
    "text_direction_label": "اتجاه النص:",
    "font_preview_group": "معاينة الخط",
    "font_preview_dynamic_text": "معاينة الخط: {family} بحجم {size} وبوزن {weight}",
    "review_and_save_title": "مراجعة وحفظ التغييرات",
    "summary_of_changes_group": "ملخص التعديلات",
    "analyzing_changes_text": "جاري تحليل التغييرات...",
    "reset_to_defaults_button": "إرجاع الإعدادات الافتراضية",
    "save_as_default_button": "حفظ كافتراضية",
    "save_all_changes_button": "حفظ جميع التغييرات",
    "cancel_changes_button": "إلغاء التغييرات",
    "confirm_reset_title": "تأكيد إرجاع الإعدادات",
    "confirm_reset_message": "هل أنت متأكد من إرجاع جميع الإعدادات إلى الافتراضية؟",
    "confirm_reset_informative": "سيتم فقدان جميع الإعدادات المخصصة الحالية.",
    "reset_settings_button": "إرجاع الإعدادات",
    "reset_success_title": "تم الإرجاع بنجاح",
    "reset_success_message": "تم إرجاع جميع الإعدادات إلى الافتراضية بنجاح!",
    "generic_error_message": "حدث خطأ: {error}",
    "reset_error_message": "حدث خطأ أثناء إرجاع الإعدادات الافتراضية.",
    "confirm_save_default_title": "تأكيد حفظ الإعدادات الافتراضية",
    "confirm_save_default_message": "هل تريد حفظ الإعدادات الحالية كإعدادات افتراضية جديدة؟",
    "confirm_save_default_informative": "سيتم استبدال الإعدادات الافتراضية الحالية.",
    "save_success_title": "تم الحفظ بنجاح",
    "save_default_success_message": "تم حفظ الإعدادات الحالية كإعدادات افتراضية جديدة!",
    "save_default_error_message": "حدث خطأ أثناء حفظ الإعدادات الافتراضية.",
    "choose_accent_color_dialog_title": "اختر لون التمييز",
    "change_report_theme": "• السمة: {original} ← {current}",
    "change_report_accent_color": "• لون التمييز: {original} ← {current}",
    "change_report_font_size": "• حجم الخط: {original} ← {current}",
    "change_report_font_family": "• نوع الخط: {original} ← {current}",
    "change_report_font_weight": "• وزن الخط: {original} ← {current}",
    "status_enabled": "مُفعل",
    "status_disabled": "مُعطل",
    "change_report_tooltips": "• إظهار التلميحات: {status}",
    "change_report_animations": "• الحركات والتأثيرات: {status}",
    "change_report_text_direction": "• اتجاه النص: {original} ← {current}",
    "change_report_transparency": "• مستوى الشفافية: {original}% ← {current}%",
    "change_report_element_size": "• حجم العناصر: {original} ← {current}",
    "change_report_contrast": "• مستوى التباين: {original} ← {current}",
    "change_report_max_memory": "• الحد الأقصى للذاكرة: {original} ميجابايت ← {current} ميجابايت",
    "change_report_backup": "• النسخ الاحتياطي: {status}",
    "change_report_password_protection": "• حماية كلمة المرور: {status}",
    "changes_applied_report_header": "التغييرات المطبقة:\n\n",
    "total_changes_report_footer": "\n\nإجمالي التغييرات: {count}",
    "no_changes_report": "لم يتم إجراء أي تغييرات على الإعدادات.",
    "success_title": "نجح",
    "settings_save_failed": "فشل في حفظ الإعدادات.",
    "check_logs_details": "يرجى مراجعة سجلات التطبيق.",
    "critical_error_title": "خطأ خطير",
    "confirm_title": "تأكيد",
    "confirm_cancel_changes_message": "هل أنت متأكد من إلغاء جميع التغييرات؟",
    "done_title": "تم",
    "about_dialog_title": "حول {app_name}",
    "version_label": "الإصدار: {version}",
    "author_label": "المطور: {author}",
    "close_button": "إغلاق",
    "about_button_tooltip": "حول البرنامج",
    "version_info_label": "الإصدار {version}",
    "copyright_label": "© {author}",
    "app_name": "ApexFlow",
    "version_fallback": "الإصدار {version}",
    "feature_card_fallback": "PDF",
    "error_loading_icons": "خطأ في تحميل الأيقونات: {e}",
    "error_loading_logo": "خطأ في تحميل الشعار: {e}",
    "error_loading_feature_icons": "خطأ في تحميل أيقونات الميزات: {e}",
    "default_color_value": "افتراضي",
    "error_applying_fonts": "خطأ في تطبيق الخطوط فوراً: {e}",
    "error_updating_font_preview": "خطأ في تحديث معاينة الخط: {e}",
    "error_saving_temp_settings": "خطأ في حفظ الإعدادات المؤقتة: {e}",
    "error_analyzing_changes": "خطأ في تحليل التغييرات: {e}",
    "error_getting_settings": "خطأ في الحصول على الإعدادات: {e}",
    "error_applying_theme": "خطأ في تطبيق السمة: {e}",
    "unexpected_save_error": "حدث خطأ غير متوقع أثناء الحفظ:\n{e}",
    "error_loading_original_settings": "خطأ في تحميل الإعدادات الأصلية: {e}",
    "error_applying_text_colors": "خطأ في تطبيق ألوان النصوص: {e}",
    "error_applying_window_theme": "خطأ في تطبيق السمة على النافذة: {e}",
    "error_applying_theme_options": "خطأ في تطبيق خيارات السمة: {e}",
    "error_previewing_theme": "خطأ في معاينة السمة: {e}",
    "error_loading_current_settings": "خطأ في تحميل الإعدادات الحالية: {e}",
    "logo_not_found": "لم يتم العثور على الشعار",
    "logo_fallback_text": "PDF",
    "error_reading_file": "خطأ في قراءة الملف: {e}",
    "invalid_pdf_file": "ملف PDF غير صالح",
    "error_checking_pdf": "خطأ في فحص PDF: {e}",
    "size_label": "الحجم:",
    "error_label": "خطأ:",
    "selected_files_title": "الملفات المختارة",
    "clear_all_files_tooltip": "مسح جميع الملفات",
    "file_count_single": "ملف واحد",
    "file_count_plural": "{count} ملف",
    "file_added_single": "تم إضافة ملف واحد",
    "file_added_plural": "تم إضافة {count} ملف",
    "remove_file_context_menu": "حذف الملف",
    "file_info_context_menu": "معلومات الملف",
    "file_info_title": "معلومات الملف",
    "file_info_name": "اسم الملف:",
    "file_info_path": "المسار:",
    "file_info_size": "الحجم:",
    "file_info_status": "الحالة:",
    "file_info_status_valid": "صالح",
    "file_info_status_invalid": "غير صالح",
    "file_info_error": "الخطأ:",
    "main_window_title": "أداة معالجة ملفات PDF",
    "menu_home": "الرئيسية",
    "menu_merge_print": "دمج وطباعة",
    "menu_split": "تقسيم",
    "menu_compress": "ضغط",
    "menu_stamp_rotate": "ختم وتدوير",
    "menu_convert": "تحويل",
    "menu_security": "حماية وخصائص",
    "menu_settings": "الإعدادات",
    "loading_page_message": "جاري تحميل صفحة {page_name}...",
    "error_loading_settings_page": "خطأ في تحميل صفحة الإعدادات",
    "error_importing_module": "فشل في تحميل وحدة صفحة {page_name}",
    "error_importing_module_details": "تعذر استيراد الوحدة المطلوبة.\nالخطأ: {e}\nتأكد من وجود الملف المطلوب.",
    "error_page_structure": "خطأ في بنية صفحة {page_name}",
    "error_page_structure_details": "مشكلة في خصائص أو دوال الصفحة.\nالخطأ: {e}\nقد تحتاج الصفحة إلى تحديث.",
    "error_unexpected_page_load": "خطأ غير متوقع في صفحة {page_name}",
    "error_unexpected_page_load_details": "حدث خطأ غير متوقع أثناء تحميل الصفحة.\nالخطأ: {e}\nيرجى إعادة تشغيل التطبيق.",
    "retry_button": "إعادة المحاولة",
    "app_already_running_warning": "التطبيق يعمل بالفعل!",
    "notifications_button": "الإشعارات",
    "notification_history_tooltip": "عرض سجل الإشعارات",
    "notification_center_title": "مركز الإشعارات",
    "notification_details": "تفاصيل الإشعار",
    "system_notifications": "إشعارات النظام",
    "tasks_notifications": "إشعارات المهام",
    "alerts_notifications": "إشعارات التنبيه",
    "warning_messages": "رسائل التحذير",
    "do_not_save_notifications": "عدم حفظ الإشعارات في الذاكرة (تنتهي عند الخروج)",
    "clear_all": "مسح الكل",
    "settings": "الإعدادات",
    "notification_settings_title": "إعدادات الإشعارات",
    "show_success_notifications": "إظهار إشعارات النجاح",
    "show_warning_notifications": "إظهار إشعارات التحذير",
    "show_error_notifications": "إظهار إشعارات الخطأ",
    "show_info_notifications": "إظهار الإشعارات المعلوماتية",
    "welcome_to_apexflow": "مرحباً بك في ApexFlow",
    "welcome_choose_preferences": "مرحباً بك! يرجى اختيار إعداداتك المفضلة:",
    "language_label": "اللغة:",
    "can_change_settings_later": "يمكنك تغيير هذه الإعدادات لاحقاً من قائمة الإعدادات",
    "welcome_to_apexflow_info": "مرحباً بك في ApexFlow! يمكنك تغيير هذه الإعدادات لاحقاً من قائمة الإعدادات",
    "settings_saved_successfully": "تم حفظ الإعدادات بنجاح! مرحباً بك في ApexFlow",
    "settings_issues_detected": "تم اكتشاف مشاكل في الإعدادات، سيتم استخدام القيم الافتراضية",
    "error_loading_page": "خطأ في تحميل صفحة {page_name}: {error}",
    "reloading_page": "جاري إعادة تحميل الصفحة...",
    "settings_applied_successfully": "تم تطبيق الإعدادات بنجاح",
    "settings_applied_notification": "تم تطبيق الإعدادات الجديدة",
    "error_applying_settings": "خطأ في تطبيق الإعدادات: {error}",
    "test_info_notification": "اختبار إشعار المعلومات",
    "test_success_notification": "اختبار إشعار النجاح",
    "test_warning_notification": "اختبار إشعار التحذير",
    "test_error_notification": "اختبار إشعار الخطأ",
    "select_conversion_operation_first": "يرجى اختيار عملية تحويل أولاً",
    "no_files_selected": "لم يتم اختيار أي ملفات",
    "files_added_successfully": "تم إضافة {count} ملف بنجاح",
    "converting_files_notification_count": "جاري تحويل {count} ملف...",
    "conversion_completed_notification_count": "تم تحويل {count} ملف بنجاح!",
    "ui_reset_notification": "تم إعادة تعيين الواجهة",
    "save_path_not_set": "لم يتم تعيين مسار الحفظ",
    "invalid_operation_error": "عملية غير صالحة",
    "confirm_save_title": "تأكيد الحفظ",
    "confirm_save_location_message": "سيتم حفظ الملف في:\n{path}",
    "ok_button": "موافق",
    "change_location_button": "تغيير المكان",
    "save_merged_file_title": "حفظ الملف المدمج",
    "merge_failed_check_files": "فشل في دمج الملفات. تحقق من صحة الملفات.",
    "unsaved_work_warning": "لديك عمل غير محفوظ. هل تريد تجاهل التغييرات والمتابعة؟",
    "diagnostics": "تشخيص",
    "system_diagnostics": "تشخيص النظام",
    "system_diagnostics_report": "تقرير تشخيص النظام",
    "generated_at": "تم إنشاؤه في",
    "system_information": "معلومات النظام",
    "operating_system": "نظام التشغيل",
    "processor": "المعالج",
    "total_memory": "إجمالي الذاكرة",
    "total_disk_space": "إجمالي مساحة القرص",
    "python_information": "معلومات Python",
    "python_version": "إصدار Python",
    "python_path": "مسار Python",
    "application_information": "معلومات التطبيق",
    "application_path": "مسار التطبيق",
    "start_time": "وقت البدء",
    "performance": "الأداء",
    "cpu_usage": "استخدام المعالج",
    "memory_usage": "استخدام الذاكرة",
    "disk_usage": "استخدام القرص",
    "bytes_sent": "البيانات المرسلة",
    "bytes_received": "البيانات المستلمة",
    "good": "جيد",
    "critical": "حرج",
    "normal": "طبيعي",
    "modules": "الوحدات",
    "loaded": "محمل",
    "module_loaded_successfully": "تم تحميل الوحدة بنجاح",
    "missing": "مفقود",
    "module_not_found": "الوحدة غير موجودة",
    "logs": "السجلات",
    "no_log_files_found": "لم يتم العثور على ملفات سجل",
    "log_directory_not_found": "مجلد السجلات غير موجود",
    "error_loading_logs": "خطأ في تحميل السجلات",
    "refresh": "تحديث",
    "export_report": "تصدير التقرير",
    "report_exported_successfully": "تم تصدير التقرير بنجاح",
    "error_exporting_report": "خطأ في تصدير التقرير",
    "property": "الخاصية",
    "value": "القيمة",
    "metric": "المقياس",
    "status": "الحالة",
    "module": "الوحدة",
    "details": "التفاصيل",
    "refresh_button": "تحديث",
    "system_diagnostics_window_title": "تشخيص النظام",
    "file_not_found": "ملف غير موجود",
    "install_requirements": "تثبيت المتطلبات",
    "installing": "جاري التثبيت...",
    "requirements_installed_successfully": "تم تثبيت المتطلبات بنجاح",
    "failed_to_install_requirements": "فشل تثبيت المتطلبات"
  },
  "en": {
    "merge_page_title": "Merge & Print",
    "add_folder": "Add Folder",
    "add_file": "Add File",
    "select_printer": "Select Printer:",
    "merge_files": "Merge Files",
    "print_files": "Print Files",
    "select_pdf_files_title": "Select PDF Files",
    "select_folder_title": "Select a folder containing PDF files",
    "confirm_merge_title": "Confirm Merge",
    "confirm_merge_message": "Are you sure you want to merge {count} files?",
    "error_title": "Error",
    "select_one_file_message": "Please select at least one file to print.",
    "select_at_least_two_files_for_merge": "Please select at least two files to merge.",
    "select_printer_message": "Please select a printer.",
    "confirm_print_title": "Confirm Print",
    "confirm_print_message": "Are you sure you want to print {count} file(s) to the printer '{printer}'?",
    "language": "Language:",
    "language_changed_title": "Language Change",
    "language_changed_message": "Language changed. Save settings to apply the change",
    "app_description": "A comprehensive tool for managing and processing PDF files",
    "key_features": "Key Features",
    "feature_merge_title": "Merge Files",
    "feature_merge_desc": "Combine multiple PDFs into one file",
    "feature_split_title": "Split Files",
    "feature_split_desc": "Split a PDF into separate files",
    "feature_compress_title": "Compress Files",
    "feature_compress_desc": "Reduce the size of PDF files",
    "feature_rotate_title": "Rotate Pages",
    "feature_rotate_desc": "Rotate PDF pages at different angles",
    "feature_convert_title": "Convert Files",
    "feature_convert_desc": "Convert PDF to images or text and vice versa",
    "feature_settings_title": "Advanced Settings",
    "feature_settings_desc": "Customize the application to your needs",
    "quick_start": "Quick Start",
    "quick_start_compress": "Compress a File",
    "quick_start_split": "Split a File",
    "quick_start_merge": "Merge Files",
    "compress_page_title": "Compress PDF Files",
    "select_pdf_to_compress": "Select PDF to Reduce Size",
    "batch_compress_mode": "Batch Compress Files",
    "save_folder": "Save Folder",
    "save_path_frame_title": "Save Folder",
    "execute_frame_title": "Execute",
    "path_not_selected": "No save path selected",
    "change_folder": "Change Folder",
    "execute": "Execute",
    "execute_conversion": "Execute Conversion",
    "execute_compression": "Execute Compression",
    "compression_ratio": "Compression Ratio:",
    "compression_info": "Compression Information",
    "very_light_compression": "Very Light Compression",
    "expected_size": "Expected Size",
    "original_unknown": "Original: Unknown",
    "expected_unknown": "Expected: Unknown",
    "saving_unknown": "Saving: Unknown",
    "file_quality": "File Quality",
    "quality_excellent": "Excellent ✅",
    "quality_high_compression": "Suitable for high compression",
    "new_folder_will_be_created": "A new folder will be created",
    "compression_options": "Compression Options",
    "light_compression": "Light Compression",
    "medium_compression": "Medium Compression",
    "high_compression": "High Compression",
    "max_compression": "Maximum Compression",
    "compression_level": "Compression Level:",
    "select_pdfs_for_batch_compression": "Select PDFs for Batch Compression",
    "select_pdf_to_compress_single": "Select PDF to Compress",
    "select_save_folder": "Select Save Folder",
    "select_batch_save_folder": "Select Save Folder for Batch",
    "path_prefix": "Path:",
    "convert_files_title": "Convert Files",
    "pdf_to_images": "PDF to Images",
    "images_to_pdf": "Images to PDF",
    "pdf_to_text": "PDF to Text",
    "text_to_pdf": "Text to PDF",
    "add_files_convert": "Add Files",
    "add_pdf_files": "Add PDF Files",
    "add_images": "Add Images",
    "add_text_files": "Add Text Files",
    "cancel_operation": "Cancel Operation",
    "start_processing": "Start Processing",
    "pdf_files_filter": "PDF Files (*.pdf)",
    "image_files_filter": "Image Files (*.png *.jpg *.jpeg *.bmp)",
    "text_files_filter": "Text Files (*.txt)",
    "all_files_filter": "All Files (*)",
    "previous_page": "Previous Page",
    "next_page": "Next Page",
    "rotate_left": "Rotate Counter-Clockwise",
    "rotate_right": "Rotate Clockwise",
    "add_stamp": "Add Stamp",
    "zoom_in_stamp": "Zoom In Stamp",
    "zoom_out_stamp": "Zoom Out Stamp",
    "select_pdf_file": "Select PDF File",
    "reset_rotation": "Reset Rotation",
    "save_rotated_file": "Save Rotated File",
    "pdf_open_error": "Failed to open PDF file",
    "pdf_load_success": "Loaded {count} pages with high resolution and smooth transitions!",
    "pdf_load_error": "Failed to load PDF file: {error}",
    "loading_page": "Loading page {page_num}...",
    "rotated_label": " - Rotated {angle}°",
    "page_label": "Page {current} of {total}{rotation}",
    "select_pdf_file_title": "Select PDF File",
    "pdf_files_filter_rotate": "PDF Files (*.pdf)",
    "no_file_to_save": "No file loaded to save!",
    "save_file_title": "Save File",
    "save_file": "Save File",
    "no_changes_to_save": "No changes to save!",
    "save_success_summary": "File saved successfully!\n{path}\n\nRotated {rotated_count} pages\nAdded {stamp_count} stamps on {page_count} pages",
    "save_failed": "Failed to save file!",
    "save_error": "An error occurred while saving: {error}",
    "stamp_manager_error": "Error opening stamp manager: {error}",
    "load_pdf_first": "You must load a PDF file first!",
    "stamp_placement_guide": "Move the mouse to preview the stamp and click to place it.",
    "security_page_title": "PDF Security & Properties",
    "no_file_selected": "No file selected",
    "password_management": "Password Management",
    "user_password": "User Password",
    "password_placeholder": "Enter new or current password",
    "owner_password": "Owner Password",
    "owner_password_placeholder": "Owner password (for encryption)",
    "permissions_label": "Permissions (for encryption):",
    "allow_printing": "Allow Printing",
    "allow_copying": "Allow Copying",
    "metadata_section": "File Properties (Metadata)",
    "title_label": "Title",
    "author_field_label": "Author",
    "subject_label": "Subject",
    "keywords_label": "Keywords",
    "encrypt_file": "Encrypt File",
    "decrypt_file": "Decrypt File",
    "update_properties_only": "Update Properties Only",
    "select_action": "Select Action:",
    "selected_file_label": "Selected File: {path}",
    "hide_password": "Hide Password",
    "show_password": "Show Password",
    "hide_owner_password": "Hide Owner Password",
    "show_owner_password": "Show Owner Password",
    "split_page_title": "Split PDF Files",
    "select_pdf_to_split": "Select PDF to Split",
    "auto_folder_creation": "A folder will be created automatically on your Desktop",
    "split_file": "Split File",
    "select_pdf_to_split_title": "Select PDF to Split",
    "select_save_folder_title": "ApexFlow - Select Save Folder",
    "compress_files": "Compress Files",
    "compressed_suffix": "_compressed",
    "converted_suffix": "_converted",
    "images_folder_suffix": "_images",
    "converting_files_notification": "Converting files...",
    "conversion_completed_notification": "Conversion completed successfully!",
    "no_files_for_conversion": "No files for conversion",
    "no_conversion_operation_selected": "No conversion operation selected",
    "conversion_error_occurred": "Conversion error occurred",
    "save_path_prefix": "Save Path:",
    "change_save_path_tooltip": "Change Save Path",
    "settings_welcome_message": "Welcome to ApexFlow Settings! You can customize appearance, fonts and more",
    "theme_changed_notification": "Theme changed. You can see the preview below",
    "accent_color_changed_notification": "Accent color changed. You can see the preview below",
    "font_changed_notification": "Font settings changed. You can see the preview below",
    "unsaved_changes_warning": "You have unsaved changes! Save or discard changes before closing",
    "settings_saved_before_close": "Settings saved successfully before closing",
    "changes_discarded": "Changes discarded",
    "settings_closed": "Settings closed. Thank you for using ApexFlow!",
    "saving_settings_notification": "Saving settings...",
    "all_settings_saved_successfully": "All settings saved successfully! Changes will appear immediately",
    "no_changes_to_cancel": "No changes to cancel",
    "all_changes_canceled_message": "All changes canceled and original settings restored",
    "settings_modified_notification": "Settings modified. Don't forget to save changes",
    "low_transparency_warning": "Low transparency - text may become hard to read",
    "high_transparency_info": "High transparency - beautiful transparent appearance",
    "error_reading_settings": "Error reading settings",
    "error_loading_settings": "Error loading settings",
    "file_selected_successfully": "File selected successfully",
    "error_selecting_file": "Error selecting file",
    "pdf_properties_loaded_successfully": "PDF properties loaded successfully",
    "no_properties_found_in_pdf": "No properties found in PDF",
    "no_file_selected_for_properties_update": "No file selected for properties update",
    "updating_pdf_properties": "Updating PDF properties...",
    "pdf_properties_updated_successfully": "PDF properties updated successfully",
    "pdf_properties_update_failed": "Failed to update PDF properties",
    "pdf_properties_update_error": "Error updating PDF properties",
    "encrypted_suffix": "_encrypted",
    "file_selected_for_compression": "File selected for compression",
    "error_selecting_files": "Error selecting files",
    "compression_completed_successfully": "Compression completed successfully",
    "compression_failed": "Compression failed",
    "compression_feature_not_available": "Compression feature not available",
    "compression_error": "Compression error",
    "file_selected_for_splitting": "File selected for splitting",
    "splitting_started": "Splitting started",
    "splitting_completed_successfully": "Splitting completed successfully",
    "splitting_failed": "Splitting failed",
    "splitting_error": "Splitting error",
    "merging_started": "Merging started",
    "merging_completed_successfully": "Merging completed successfully",
    "merging_failed": "Merging failed",
    "merging_error": "Merging error",
    "printing_started": "Printing started",
    "printing_completed_successfully": "Printing completed successfully",
    "printing_failed": "Printing failed",
    "printing_error": "Printing error",
    "split_completed_successfully": "File split successfully",
    "pages_saved_in": "Pages saved in",
    "split_failed": "Failed to split file",
    "split_error": "Splitting error",
    "file_compressed_successfully": "File compressed successfully",
    "compress_failed": "Failed to compress file",
    "compress_error": "Compression error",
    "stamps_load_error": "Error loading stamps",
    "stamp_added_successfully": "Stamp added successfully",
    "stamp_add_error": "Failed to add stamp",
    "stamp_deleted_successfully": "Stamp deleted successfully",
    "stamp_delete_error": "Failed to delete stamp",
    "additional_options_group": "Additional Options",
    "disable_welcome_message_option": "Disable welcome message in settings",
    "remember_settings_on_exit_option": "Remember settings on exit",
    "reset_to_defaults_next_time_option": "Reset to defaults next time",
    "reset_defaults_info_message": "All settings will be reset to default values when the application starts next time",
    "show_exit_warning_option": "Show warning when exiting with unsaved changes",
    "remember_exit_choice_option": "Remember my choice in warning dialog",
    "dont_ask_again_and_discard_option": "Don't ask again and discard changes when navigating between pages",
    "remember_my_choice": "Remember my choice and don't ask again",
    "unsaved_changes_prompt": "You have unsaved changes in the settings. Do you want to save them before moving to another page?",
    "save_and_close": "Save and Close",
    "discard_changes": "Discard",
    "go_back": "Back",
    "cancel_button": "Cancel",
    "dont_ask_again_and_discard": "Don't ask again and discard changes",
    "dont_ask_again_info": "The option to not ask again and discard changes has been activated. You can return to this option in the settings section from the save page.",
    "transparency_feature_coming_soon": "Transparency feature will be available soon",
    "decrypted_suffix": "_decrypted",
    "properties_updated_suffix": "_properties_updated",
    "split_pages_suffix": "_split_pages",
    "settings_window_title": "Settings",
    "step_save": "Save",
    "step_fonts": "Fonts",
    "step_general_settings": "General Settings",
    "step_appearance": "Appearance",
    "warning": "Warning",
    "next_step": "Next Step",
    "previous_step": "Previous Step",
    "general_settings_title": "General Settings",
    "general_settings_description": "Startup, messages and warnings settings",
    "startup_settings_group": "Startup Settings",
    "messages_and_warnings_settings_group": "Messages and Warnings Settings",
    "notifications_settings_group": "Notifications Settings",
    "appearance_settings_title": "Appearance & Theme Settings",
    "theme_and_colors_group": "Theme & Colors",
    "theme_label": "Theme:",
    "accent_color_label": "Accent Color:",
    "choose_color_button": "Choose Color",
    "text_colors_group": "Text Colors",
    "default_color": "Default",
    "white_color": "White",
    "black_color": "Black",
    "dark_gray_color": "Dark Gray",
    "dark_blue_color": "Dark Blue",
    "dark_green_color": "Dark Green",
    "light_gray_color": "Light Gray",
    "medium_gray_color": "Medium Gray",
    "title_color_label": "Title Color:",
    "body_color_label": "Body Text Color:",
    "secondary_color_label": "Secondary Text Color:",
    "transparency_level_label": "Transparency Level:",
    "transparency_label": "Transparency:",
    "size_small": "Small (Compact)",
    "size_medium": "Medium (Default)",
    "size_large": "Large (Comfortable)",
    "size_xlarge": "Extra Large (Accessibility)",
    "element_size_label": "Element Size:",
    "contrast_low": "Low (Soft)",
    "contrast_normal": "Normal (Balanced)",
    "contrast_high": "High (Clear)",
    "contrast_xhigh": "Extra High (Accessibility)",
    "contrast_label": "Contrast:",
    "fonts_and_text_settings_title": "Fonts & Text Settings",
    "primary_font_group": "Primary Font",
    "font_size_label": "Font Size:",
    "system_default_font": "System Default",
    "font_family_label": "Font Family:",
    "font_weight_normal": "Normal",
    "font_weight_bold": "Bold",
    "font_weight_extrabold": "Extra Bold",
    "font_weight_label": "Font Weight:",
    "title_font_size_label": "Title Font Size:",
    "menu_font_size_label": "Menu Font Size:",
    "text_settings_group": "Text Settings",
    "show_tooltips_check": "Show Tooltips",
    "enable_animations_check": "Enable Animations & Effects",
    "text_direction_auto": "Auto",
    "text_direction_rtl": "Right-to-Left",
    "text_direction_ltr": "Left-to-Right",
    "text_direction_label": "Text Direction:",
    "font_preview_group": "Font Preview",
    "font_preview_dynamic_text": "Font Preview: {family} at size {size} with weight {weight}",
    "review_and_save_title": "Review & Save Changes",
    "summary_of_changes_group": "Summary of Changes",
    "analyzing_changes_text": "Analyzing changes...",
    "reset_to_defaults_button": "Reset to Defaults",
    "save_as_default_button": "Save as Default",
    "save_all_changes_button": "Save All Changes",
    "cancel_changes_button": "Cancel Changes",
    "confirm_reset_title": "Confirm Reset",
    "confirm_reset_message": "Are you sure you want to reset all settings to default?",
    "confirm_reset_informative": "All your current custom settings will be lost.",
    "reset_settings_button": "Reset Settings",
    "reset_success_title": "Reset Successful",
    "reset_success_message": "All settings have been successfully reset to default!",
    "generic_error_message": "An error occurred: {error}",
    "reset_error_message": "An error occurred while resetting to default settings.",
    "confirm_save_default_title": "Confirm Save as Default",
    "confirm_save_default_message": "Do you want to save the current settings as the new default?",
    "confirm_save_default_informative": "This will replace the current default settings.",
    "save_success_title": "Saved Successfully",
    "save_default_success_message": "Current settings have been saved as the new default!",
    "save_default_error_message": "An error occurred while saving the default settings.",
    "choose_accent_color_dialog_title": "Choose Accent Color",
    "change_report_theme": "• Theme: {original} → {current}",
    "change_report_accent_color": "• Accent Color: {original} → {current}",
    "change_report_font_size": "• Font Size: {original} → {current}",
    "change_report_font_family": "• Font Family: {original} → {current}",
    "change_report_font_weight": "• Font Weight: {original} → {current}",
    "status_enabled": "Enabled",
    "status_disabled": "Disabled",
    "change_report_tooltips": "• Show Tooltips: {status}",
    "change_report_animations": "• Animations & Effects: {status}",
    "change_report_text_direction": "• Text Direction: {original} → {current}",
    "change_report_transparency": "• Transparency Level: {original}% → {current}%",
    "change_report_element_size": "• Element Size: {original} → {current}",
    "change_report_contrast": "• Contrast Level: {original} → {current}",
    "change_report_max_memory": "• Max Memory: {original} MB → {current} MB",
    "change_report_backup": "• Backup: {status}",
    "change_report_password_protection": "• Password Protection: {status}",
    "changes_applied_report_header": "Applied Changes:\n\n",
    "total_changes_report_footer": "\n\nTotal Changes: {count}",
    "no_changes_report": "No changes have been made to the settings.",
    "success_title": "Success",
    "settings_save_failed": "Failed to save settings.",
    "check_logs_details": "Please check the application logs.",
    "critical_error_title": "Critical Error",
    "confirm_title": "Confirm",
    "confirm_cancel_changes_message": "Are you sure you want to cancel all changes?",
    "done_title": "Done",
    "about_dialog_title": "About {app_name}",
    "version_label": "Version: {version}",
    "author_label": "Developer: {author}",
    "close_button": "Close",
    "about_button_tooltip": "About the application",
    "version_info_label": "Version {version}",
    "copyright_label": "© {author}",
    "app_name": "ApexFlow",
    "version_fallback": "Version {version}",
    "feature_card_fallback": "PDF",
    "error_loading_icons": "Error loading icons: {e}",
    "error_loading_logo": "Error loading logo: {e}",
    "error_loading_feature_icons": "Error loading feature icons: {e}",
    "default_color_value": "Default",
    "error_applying_fonts": "Error applying fonts immediately: {e}",
    "error_updating_font_preview": "Error updating font preview: {e}",
    "error_saving_temp_settings": "Error saving temporary settings: {e}",
    "error_analyzing_changes": "Error analyzing changes: {e}",
    "error_getting_settings": "Error getting settings: {e}",
    "error_applying_theme": "Error applying theme: {e}",
    "unexpected_save_error": "An unexpected error occurred during save:\n{e}",
    "error_loading_original_settings": "Error loading original settings: {e}",
    "error_applying_text_colors": "Error applying text colors: {e}",
    "error_applying_window_theme": "Error applying theme to window: {e}",
    "error_applying_theme_options": "Error applying theme options: {e}",
    "error_previewing_theme": "Error previewing theme: {e}",
    "error_loading_current_settings": "Error loading current settings: {e}",
    "logo_not_found": "Logo not found",
    "logo_fallback_text": "PDF",
    "error_reading_file": "Error reading file: {e}",
    "invalid_pdf_file": "Invalid PDF file",
    "error_checking_pdf": "Error checking PDF: {e}",
    "size_label": "Size:",
    "error_label": "Error:",
    "selected_files_title": "Selected Files",
    "clear_all_files_tooltip": "Clear all files",
    "file_count_single": "1 file",
    "file_count_plural": "{count} files",
    "file_added_single": "1 file added",
    "file_added_plural": "{count} files added",
    "remove_file_context_menu": "Remove File",
    "file_info_context_menu": "File Info",
    "file_info_title": "File Information",
    "file_info_name": "File Name:",
    "file_info_path": "Path:",
    "file_info_size": "Size:",
    "file_info_status": "Status:",
    "file_info_status_valid": "Valid",
    "file_info_status_invalid": "Invalid",
    "file_info_error": "Error:",
    "main_window_title": "PDF Processing Tool",
    "menu_home": "Home",
    "menu_merge_print": "Merge & Print",
    "menu_split": "Split",
    "menu_compress": "Compress",
    "menu_stamp_rotate": "Stamp & Rotate",
    "menu_convert": "Convert",
    "menu_security": "Security & Properties",
    "menu_settings": "Settings",
    "loading_page_message": "Loading {page_name} page...",
    "error_loading_settings_page": "Error loading settings page",
    "error_importing_module": "Failed to load module for {page_name} page",
    "error_importing_module_details": "Could not import the required module.\nError: {e}\nEnsure the required file exists.",
    "error_page_structure": "Error in {page_name} page structure",
    "error_page_structure_details": "Problem with page properties or functions.\nError: {e}\nThe page may need to be updated.",
    "error_unexpected_page_load": "Unexpected error in {page_name} page",
    "error_unexpected_page_load_details": "An unexpected error occurred while loading the page.\nError: {e}\nPlease restart the application.",
    "retry_button": "Retry",
    "app_already_running_warning": "The application is already running!",
    "notifications_button": "Notifications",
    "notification_history_tooltip": "View notification history",
    "notification_center_title": "Notification Center",
    "notification_details": "Notification Details",
    "system_notifications": "System Notifications",
    "tasks_notifications": "Task Notifications",
    "alerts_notifications": "Alert Notifications",
    "warning_messages": "Warning Messages",
    "do_not_save_notifications": "Do not save notifications in memory (clear on exit)",
    "clear_all": "Clear All",
    "settings": "Settings",
    "notification_settings_title": "Notification Settings",
    "show_success_notifications": "Show Success Notifications",
    "show_warning_notifications": "Show Warning Notifications",
    "show_error_notifications": "Show Error Notifications",
    "show_info_notifications": "Show Info Notifications",
    "welcome_to_apexflow": "Welcome to ApexFlow",
    "welcome_choose_preferences": "Welcome! Please choose your preferred settings:",
    "language_label": "Language:",
    "start_using_apexflow": "🚀 Start Using ApexFlow",
    "welcome_to_apexflow_info": "Welcome to ApexFlow! You can change these settings later from the Settings menu",
    "settings_saved_successfully": "Settings saved successfully! Welcome to ApexFlow",
    "settings_issues_detected": "Settings issues detected, default values will be used",
    "error_loading_page": "Error loading page {page_name}: {error}",
    "reloading_page": "Reloading page...",
    "settings_applied_successfully": "Settings applied successfully",
    "settings_applied_notification": "New settings have been applied",
    "error_applying_settings": "Error applying settings: {error}",
    "test_info_notification": "Test Info Notification",
    "test_success_notification": "Test Success Notification",
    "test_warning_notification": "Test Warning Notification",
    "test_error_notification": "Test Error Notification",
    "select_conversion_operation_first": "Please select a conversion operation first",
    "no_files_selected": "No files were selected",
    "files_added_successfully": "{count} file(s) added successfully",
    "converting_files_notification_count": "Converting {count} file(s)...",
    "conversion_completed_notification_count": "{count} file(s) converted successfully!",
    "ui_reset_notification": "UI has been reset",
    "save_path_not_set": "Save path is not set",
    "invalid_operation_error": "Invalid operation",
    "unsaved_work_warning": "You have unsaved work. Do you want to discard the changes and continue?",
    "diagnostics": "Diagnostics",
    "system_diagnostics": "System Diagnostics",
    "system_diagnostics_report": "System Diagnostics Report",
    "generated_at": "Generated at",
    "system_information": "System Information",
    "operating_system": "Operating System",
    "processor": "Processor",
    "total_memory": "Total Memory",
    "total_disk_space": "Total Disk Space",
    "python_information": "Python Information",
    "python_version": "Python Version",
    "python_path": "Python Path",
    "application_information": "Application Information",
    "application_path": "Application Path",
    "start_time": "Start Time",
    "performance": "Performance",
    "cpu_usage": "CPU Usage",
    "memory_usage": "Memory Usage",
    "disk_usage": "Disk Usage",
    "bytes_sent": "Bytes Sent",
    "bytes_received": "Bytes Received",
    "good": "Good",
    "critical": "Critical",
    "normal": "Normal",
    "modules": "Modules",
    "loaded": "Loaded",
    "module_loaded_successfully": "Module loaded successfully",
    "missing": "Missing",
    "module_not_found": "Module not found",
    "logs": "Logs",
    "no_log_files_found": "No log files found",
    "log_directory_not_found": "Log directory not found",
    "error_loading_logs": "Error loading logs",
    "refresh": "Refresh",
    "export_report": "Export Report",
    "report_exported_successfully": "Report exported successfully",
    "error_exporting_report": "Error exporting report",
    "property": "Property",
    "value": "Value",
    "metric": "Metric",
    "status": "Status",
    "module": "Module",
    "details": "Details",
    "refresh_button": "Refresh",
    "system_diagnostics_window_title": "System Diagnostics",
    "file_not_found": "File not found",
    "install_requirements": "Install Requirements",
    "installing": "Installing...",
    "requirements_installed_successfully": "Requirements installed successfully",
    "failed_to_install_requirements": "Failed to install requirements"
  }
}
